<?xml version="1.0" encoding="utf-8"?>
<root>
  <doclet-version-NOT-library-version>1.00</doclet-version-NOT-library-version>
  <b4x_version>8.98</b4x_version>
  <class>
    <name>com.aghajari.ratedialog.amir_ratedialog</name>
    <shortname>Amir_RateDialog</shortname>
    <owner>activity</owner>
    <event>onShow</event>
    <event>onHide</event>
    <event>onChange (NewPosition As Int)</event>
    <event>onSubmit (Position as int)</event>
    <event>onCancel (Position as int)</event>
    <event>onBind (Dialog As Panel)</event>
    <method>
      <name>IsInitialized</name>
      <comment>Tests whether the object has been initialized.</comment>
      <returntype>boolean</returntype>
    </method>
    <method>
      <name DesignerName="getAbout" HideFromIDE="true">_getvvvvvvvv5</name>
      <comment> Amir Hossein Aghajari
</comment>
      <returntype>String</returntype>
    </method>
    <method>
      <name DesignerName="getIsRunning" HideFromIDE="true">_getvvvvvvvv6</name>
      <returntype>boolean</returntype>
    </method>
    <method>
      <name DesignerName="getIsShowing" HideFromIDE="true">_getvvvvvvvv7</name>
      <returntype>boolean</returntype>
    </method>
    <method>
      <name DesignerName="getPosition" HideFromIDE="true">_getvvvvvvvv0</name>
      <returntype>int</returntype>
    </method>
    <method>
      <name DesignerName="Hide">_vv7</name>
      <returntype>String</returntype>
    </method>
    <method>
      <name DesignerName="Initialize">_initialize</name>
      <returntype>com.aghajari.ratedialog.amir_ratedialog</returntype>
      <parameter>
        <name>ba</name>
        <type>anywheresoftware.b4a.BA</type>
      </parameter>
      <parameter>
        <name>TargetTop</name>
        <type>int</type>
      </parameter>
      <parameter>
        <name>Parent</name>
        <type>anywheresoftware.b4a.objects.PanelWrapper</type>
      </parameter>
      <parameter>
        <name>TargetActivity</name>
        <type>Object</type>
      </parameter>
      <parameter>
        <name>EventName</name>
        <type>String</type>
      </parameter>
    </method>
    <method>
      <name DesignerName="onBackPressed">_vv0</name>
      <returntype>boolean</returntype>
    </method>
    <method>
      <name DesignerName="Position2">_vvv1</name>
      <returntype>String</returntype>
      <parameter>
        <name>position</name>
        <type>int</type>
      </parameter>
      <parameter>
        <name>Duration</name>
        <type>long</type>
      </parameter>
    </method>
    <method>
      <name DesignerName="SetAnimationDuration">_vvv2</name>
      <returntype>com.aghajari.ratedialog.amir_ratedialog</returntype>
      <parameter>
        <name>Duration</name>
        <type>long</type>
      </parameter>
    </method>
    <method>
      <name DesignerName="SetAnimationInterpolator">_vvv3</name>
      <returntype>com.aghajari.ratedialog.amir_ratedialog</returntype>
      <parameter>
        <name>Interpolator</name>
        <type>Object</type>
      </parameter>
    </method>
    <method>
      <name DesignerName="SetBottomPadding">_vvv4</name>
      <returntype>com.aghajari.ratedialog.amir_ratedialog</returntype>
      <parameter>
        <name>Size</name>
        <type>int</type>
      </parameter>
    </method>
    <method>
      <name DesignerName="SetButtonBackground">_vvv5</name>
      <returntype>com.aghajari.ratedialog.amir_ratedialog</returntype>
      <parameter>
        <name>ViewType</name>
        <type>int</type>
      </parameter>
      <parameter>
        <name>Background</name>
        <type>Object</type>
      </parameter>
    </method>
    <method>
      <name DesignerName="SetButtonBottomMargin">_vvv6</name>
      <returntype>com.aghajari.ratedialog.amir_ratedialog</returntype>
      <parameter>
        <name>Size</name>
        <type>int</type>
      </parameter>
    </method>
    <method>
      <name DesignerName="SetButtonsEnabled">_vvv7</name>
      <returntype>com.aghajari.ratedialog.amir_ratedialog</returntype>
      <parameter>
        <name>value</name>
        <type>boolean</type>
      </parameter>
    </method>
    <method>
      <name DesignerName="SetButtonsRipple">_vvv0</name>
      <returntype>com.aghajari.ratedialog.amir_ratedialog</returntype>
      <parameter>
        <name>value</name>
        <type>boolean</type>
      </parameter>
    </method>
    <method>
      <name DesignerName="SetButtonsShadow">_vvvv1</name>
      <returntype>com.aghajari.ratedialog.amir_ratedialog</returntype>
      <parameter>
        <name>value</name>
        <type>float</type>
      </parameter>
    </method>
    <method>
      <name DesignerName="SetButtonsSpace">_vvvv2</name>
      <returntype>com.aghajari.ratedialog.amir_ratedialog</returntype>
      <parameter>
        <name>value</name>
        <type>int</type>
      </parameter>
    </method>
    <method>
      <name DesignerName="SetCircleColor">_vvvv3</name>
      <returntype>com.aghajari.ratedialog.amir_ratedialog</returntype>
      <parameter>
        <name>Background</name>
        <type>int</type>
      </parameter>
      <parameter>
        <name>Color</name>
        <type>int</type>
      </parameter>
    </method>
    <method>
      <name DesignerName="SetClickable">_vvvv4</name>
      <returntype>com.aghajari.ratedialog.amir_ratedialog</returntype>
      <parameter>
        <name>Value</name>
        <type>boolean</type>
      </parameter>
    </method>
    <method>
      <name DesignerName="SetClickSensitivity">_vvvv5</name>
      <returntype>com.aghajari.ratedialog.amir_ratedialog</returntype>
      <parameter>
        <name>Click_Sensitivity</name>
        <type>int</type>
      </parameter>
      <parameter>
        <name>Animation_Sensitivity</name>
        <type>int</type>
      </parameter>
    </method>
    <method>
      <name DesignerName="SetDialogTheme">_vvvv0</name>
      <returntype>com.aghajari.ratedialog.amir_ratedialog</returntype>
      <parameter>
        <name>Color</name>
        <type>int</type>
      </parameter>
      <parameter>
        <name>Radius</name>
        <type>int</type>
      </parameter>
    </method>
    <method>
      <name DesignerName="SetDotBackground">_vvvvv1</name>
      <returntype>com.aghajari.ratedialog.amir_ratedialog</returntype>
      <parameter>
        <name>Background</name>
        <type>Object</type>
      </parameter>
    </method>
    <method>
      <name DesignerName="SetDotColor">_vvvvv2</name>
      <returntype>com.aghajari.ratedialog.amir_ratedialog</returntype>
      <parameter>
        <name>Background</name>
        <type>int</type>
      </parameter>
      <parameter>
        <name>Color</name>
        <type>int</type>
      </parameter>
    </method>
    <method>
      <name DesignerName="SetDotSpace">_vvvvv3</name>
      <returntype>com.aghajari.ratedialog.amir_ratedialog</returntype>
      <parameter>
        <name>SpaceSize</name>
        <type>int</type>
      </parameter>
    </method>
    <method>
      <name DesignerName="SetEmojiAnimation">_vvvvv4</name>
      <returntype>com.aghajari.ratedialog.amir_ratedialog</returntype>
      <parameter>
        <name>Duration</name>
        <type>long</type>
      </parameter>
    </method>
    <method>
      <name DesignerName="SetEmojisColor">_vvvvv5</name>
      <returntype>com.aghajari.ratedialog.amir_ratedialog</returntype>
      <parameter>
        <name>Color</name>
        <type>int</type>
      </parameter>
    </method>
    <method>
      <name DesignerName="SetEmojisList">_vvvvv6</name>
      <returntype>com.aghajari.ratedialog.amir_ratedialog</returntype>
      <parameter>
        <name>EmojisList</name>
        <type>anywheresoftware.b4a.objects.collections.List</type>
      </parameter>
    </method>
    <method>
      <name DesignerName="SetHideWithCancel">_vvvvv7</name>
      <returntype>com.aghajari.ratedialog.amir_ratedialog</returntype>
      <parameter>
        <name>value</name>
        <type>boolean</type>
      </parameter>
    </method>
    <method>
      <name DesignerName="SetHideWithSubmit">_vvvvv0</name>
      <returntype>com.aghajari.ratedialog.amir_ratedialog</returntype>
      <parameter>
        <name>value</name>
        <type>boolean</type>
      </parameter>
    </method>
    <method>
      <name DesignerName="SetNumbers">_vvvvvv2</name>
      <returntype>com.aghajari.ratedialog.amir_ratedialog</returntype>
      <parameter>
        <name>Count</name>
        <type>int</type>
      </parameter>
      <parameter>
        <name>Selected</name>
        <type>int</type>
      </parameter>
      <parameter>
        <name>UseDefaultText</name>
        <type>boolean</type>
      </parameter>
    </method>
    <method>
      <name DesignerName="SetNumbersText">_vvvvvv3</name>
      <returntype>com.aghajari.ratedialog.amir_ratedialog</returntype>
      <parameter>
        <name>Texts</name>
        <type>anywheresoftware.b4a.objects.collections.List</type>
      </parameter>
    </method>
    <method>
      <name DesignerName="setPosition" HideFromIDE="true">_setvvvvvvvv0</name>
      <returntype>String</returntype>
      <parameter>
        <name>position</name>
        <type>int</type>
      </parameter>
    </method>
    <method>
      <name DesignerName="SetRTLMode">_vvvvvv5</name>
      <returntype>com.aghajari.ratedialog.amir_ratedialog</returntype>
      <parameter>
        <name>value</name>
        <type>boolean</type>
      </parameter>
    </method>
    <method>
      <name DesignerName="SetShape">_vvvvvvv1</name>
      <returntype>com.aghajari.ratedialog.amir_ratedialog</returntype>
      <parameter>
        <name>Shape</name>
        <type>anywheresoftware.b4a.objects.drawable.CanvasWrapper.BitmapWrapper</type>
      </parameter>
    </method>
    <method>
      <name DesignerName="SetShapeColor">_vvvvvvv2</name>
      <returntype>com.aghajari.ratedialog.amir_ratedialog</returntype>
      <parameter>
        <name>Color</name>
        <type>int</type>
      </parameter>
    </method>
    <method>
      <name DesignerName="SetSize">_vvvvvvv3</name>
      <returntype>com.aghajari.ratedialog.amir_ratedialog</returntype>
      <parameter>
        <name>ViewWidth</name>
        <type>int</type>
      </parameter>
      <parameter>
        <name>ViewHeight</name>
        <type>int</type>
      </parameter>
    </method>
    <method>
      <name DesignerName="SetText">_vvvvvvv4</name>
      <returntype>com.aghajari.ratedialog.amir_ratedialog</returntype>
      <parameter>
        <name>ViewType</name>
        <type>int</type>
      </parameter>
      <parameter>
        <name>Text</name>
        <type>String</type>
      </parameter>
    </method>
    <method>
      <name DesignerName="SetTextColor">_vvvvvvv5</name>
      <returntype>com.aghajari.ratedialog.amir_ratedialog</returntype>
      <parameter>
        <name>ViewType</name>
        <type>int</type>
      </parameter>
      <parameter>
        <name>Color</name>
        <type>int</type>
      </parameter>
    </method>
    <method>
      <name DesignerName="SetTextSize">_vvvvvvv6</name>
      <returntype>com.aghajari.ratedialog.amir_ratedialog</returntype>
      <parameter>
        <name>ViewType</name>
        <type>int</type>
      </parameter>
      <parameter>
        <name>Size</name>
        <type>int</type>
      </parameter>
    </method>
    <method>
      <name DesignerName="SetTypeface">_vvvvvvv7</name>
      <returntype>com.aghajari.ratedialog.amir_ratedialog</returntype>
      <parameter>
        <name>ViewType</name>
        <type>int</type>
      </parameter>
      <parameter>
        <name>ViewTypeface</name>
        <type>anywheresoftware.b4a.keywords.constants.TypefaceWrapper</type>
      </parameter>
    </method>
    <method>
      <name DesignerName="Show">_vvvvvvv0</name>
      <returntype>String</returntype>
    </method>
    <property>
      <name DesignerName="About">_vvvvvvvv5</name>
      <comment> Amir Hossein Aghajari
</comment>
      <returntype>String</returntype>
    </property>
    <property>
      <name DesignerName="IsRunning">_vvvvvvvv6</name>
      <returntype>boolean</returntype>
    </property>
    <property>
      <name DesignerName="IsShowing">_vvvvvvvv7</name>
      <returntype>boolean</returntype>
    </property>
    <property>
      <name DesignerName="Position">_vvvvvvvv0</name>
      <returntype>int</returntype>
      <parameter>
        <name>Value</name>
        <type>int</type>
      </parameter>
    </property>
    <field>
      <name DesignerName="IsDebugMode">_vvvvvvvvv1</name>
      <returntype>boolean</returntype>
    </field>
    <field>
      <name DesignerName="TYPE_TITLE">_type_title</name>
      <returntype>int</returntype>
    </field>
    <field>
      <name DesignerName="TYPE_SUBMIT_BTN">_type_submit_btn</name>
      <returntype>int</returntype>
    </field>
    <field>
      <name DesignerName="TYPE_CANCEL_BTN">_type_cancel_btn</name>
      <returntype>int</returntype>
    </field>
    <field>
      <name DesignerName="TYPE_NUMBERS">_type_numbers</name>
      <returntype>int</returntype>
    </field>
    <field>
      <name DesignerName="NUMBER_10">_number_10</name>
      <returntype>int</returntype>
    </field>
    <field>
      <name DesignerName="NUMBER_5">_number_5</name>
      <returntype>int</returntype>
    </field>
    <field>
      <name DesignerName="TextWidthScale">_vvvvvvvvvvvvvvvvv3</name>
      <returntype>int</returntype>
    </field>
  </class>
  <version>1.04</version>
  <author>AmirHosseinAghajari</author>
</root>