<?xml version="1.0" encoding="utf-8"?>
<root>
  <doclet-version-NOT-library-version>1.00</doclet-version-NOT-library-version>
  <b4x_version>8.98</b4x_version>
  <class>
    <name>com.aghajari.ratedialog.amir_ratedialog</name>
    <shortname>Amir_RateDialog</shortname>
    <owner>activity</owner>
    <event>onShow</event>
    <event>onHide</event>
    <event>onChange (NewPosition As Int)</event>
    <event>onSubmit (Position as int)</event>
    <method>
      <name>IsInitialized</name>
      <comment>Tests whether the object has been initialized.</comment>
      <returntype>boolean</returntype>
    </method>
    <method>
      <name DesignerName="getAbout" HideFromIDE="true">_getabout</name>
      <comment> Amir Hossein Aghajari
</comment>
      <returntype>String</returntype>
    </method>
    <method>
      <name DesignerName="getIsRunning" HideFromIDE="true">_getisrunning</name>
      <returntype>boolean</returntype>
    </method>
    <method>
      <name DesignerName="getIsShowing" HideFromIDE="true">_getisshowing</name>
      <returntype>boolean</returntype>
    </method>
    <method>
      <name DesignerName="Hide">_hide</name>
      <returntype>String</returntype>
    </method>
    <method>
      <name DesignerName="Initialize">_initialize</name>
      <returntype>com.aghajari.ratedialog.amir_ratedialog</returntype>
      <parameter>
        <name>ba</name>
        <type>anywheresoftware.b4a.BA</type>
      </parameter>
      <parameter>
        <name>TargetView</name>
        <type>anywheresoftware.b4a.objects.ConcreteViewWrapper</type>
      </parameter>
      <parameter>
        <name>Parent</name>
        <type>anywheresoftware.b4a.objects.PanelWrapper</type>
      </parameter>
      <parameter>
        <name>TargetActivity</name>
        <type>Object</type>
      </parameter>
      <parameter>
        <name>EventName</name>
        <type>String</type>
      </parameter>
    </method>
    <method>
      <name DesignerName="onBackPressed">_onbackpressed</name>
      <returntype>boolean</returntype>
    </method>
    <method>
      <name DesignerName="SetAnimationDuration">_setanimationduration</name>
      <returntype>com.aghajari.ratedialog.amir_ratedialog</returntype>
      <parameter>
        <name>Duration</name>
        <type>long</type>
      </parameter>
    </method>
    <method>
      <name DesignerName="SetBottomPadding">_setbottompadding</name>
      <returntype>com.aghajari.ratedialog.amir_ratedialog</returntype>
      <parameter>
        <name>Size</name>
        <type>int</type>
      </parameter>
    </method>
    <method>
      <name DesignerName="SetButtonBackground">_setbuttonbackground</name>
      <returntype>com.aghajari.ratedialog.amir_ratedialog</returntype>
      <parameter>
        <name>Background</name>
        <type>Object</type>
      </parameter>
    </method>
    <method>
      <name DesignerName="SetCircleColor">_setcirclecolor</name>
      <returntype>com.aghajari.ratedialog.amir_ratedialog</returntype>
      <parameter>
        <name>Background</name>
        <type>int</type>
      </parameter>
      <parameter>
        <name>Color</name>
        <type>int</type>
      </parameter>
    </method>
    <method>
      <name DesignerName="SetDialogTheme">_setdialogtheme</name>
      <returntype>com.aghajari.ratedialog.amir_ratedialog</returntype>
      <parameter>
        <name>Color</name>
        <type>int</type>
      </parameter>
      <parameter>
        <name>Radius</name>
        <type>int</type>
      </parameter>
    </method>
    <method>
      <name DesignerName="SetDotColor">_setdotcolor</name>
      <returntype>com.aghajari.ratedialog.amir_ratedialog</returntype>
      <parameter>
        <name>Background</name>
        <type>int</type>
      </parameter>
      <parameter>
        <name>Color</name>
        <type>int</type>
      </parameter>
    </method>
    <method>
      <name DesignerName="SetEmojiAnimation">_setemojianimation</name>
      <returntype>com.aghajari.ratedialog.amir_ratedialog</returntype>
      <parameter>
        <name>Duration</name>
        <type>long</type>
      </parameter>
    </method>
    <method>
      <name DesignerName="SetEmojisColor">_setemojiscolor</name>
      <returntype>com.aghajari.ratedialog.amir_ratedialog</returntype>
      <parameter>
        <name>Color</name>
        <type>int</type>
      </parameter>
    </method>
    <method>
      <name DesignerName="SetEmojisList">_setemojislist</name>
      <returntype>com.aghajari.ratedialog.amir_ratedialog</returntype>
      <parameter>
        <name>EmojisList</name>
        <type>anywheresoftware.b4a.objects.collections.List</type>
      </parameter>
    </method>
    <method>
      <name DesignerName="SetHideWithSubmit">_sethidewithsubmit</name>
      <returntype>com.aghajari.ratedialog.amir_ratedialog</returntype>
      <parameter>
        <name>value</name>
        <type>boolean</type>
      </parameter>
    </method>
    <method>
      <name DesignerName="SetNumbers">_setnumbers</name>
      <returntype>com.aghajari.ratedialog.amir_ratedialog</returntype>
      <parameter>
        <name>Count</name>
        <type>int</type>
      </parameter>
      <parameter>
        <name>Selected</name>
        <type>int</type>
      </parameter>
      <parameter>
        <name>UseDefaultText</name>
        <type>boolean</type>
      </parameter>
    </method>
    <method>
      <name DesignerName="SetNumbersText">_setnumberstext</name>
      <returntype>com.aghajari.ratedialog.amir_ratedialog</returntype>
      <parameter>
        <name>Texts</name>
        <type>anywheresoftware.b4a.objects.collections.List</type>
      </parameter>
    </method>
    <method>
      <name DesignerName="SetRTLMode">_setrtlmode</name>
      <returntype>com.aghajari.ratedialog.amir_ratedialog</returntype>
      <parameter>
        <name>value</name>
        <type>boolean</type>
      </parameter>
    </method>
    <method>
      <name DesignerName="SetShape">_setshape</name>
      <returntype>com.aghajari.ratedialog.amir_ratedialog</returntype>
      <parameter>
        <name>Shape</name>
        <type>anywheresoftware.b4a.objects.drawable.CanvasWrapper.BitmapWrapper</type>
      </parameter>
    </method>
    <method>
      <name DesignerName="SetShapeColor">_setshapecolor</name>
      <returntype>com.aghajari.ratedialog.amir_ratedialog</returntype>
      <parameter>
        <name>Color</name>
        <type>int</type>
      </parameter>
    </method>
    <method>
      <name DesignerName="SetSize">_setsize</name>
      <returntype>com.aghajari.ratedialog.amir_ratedialog</returntype>
      <parameter>
        <name>ViewWidth</name>
        <type>int</type>
      </parameter>
      <parameter>
        <name>ViewHeight</name>
        <type>int</type>
      </parameter>
    </method>
    <method>
      <name DesignerName="SetText">_settext</name>
      <returntype>com.aghajari.ratedialog.amir_ratedialog</returntype>
      <parameter>
        <name>ViewType</name>
        <type>int</type>
      </parameter>
      <parameter>
        <name>Text</name>
        <type>String</type>
      </parameter>
    </method>
    <method>
      <name DesignerName="SetTextColor">_settextcolor</name>
      <returntype>com.aghajari.ratedialog.amir_ratedialog</returntype>
      <parameter>
        <name>ViewType</name>
        <type>int</type>
      </parameter>
      <parameter>
        <name>Color</name>
        <type>int</type>
      </parameter>
    </method>
    <method>
      <name DesignerName="SetTextSize">_settextsize</name>
      <returntype>com.aghajari.ratedialog.amir_ratedialog</returntype>
      <parameter>
        <name>ViewType</name>
        <type>int</type>
      </parameter>
      <parameter>
        <name>Size</name>
        <type>int</type>
      </parameter>
    </method>
    <method>
      <name DesignerName="SetTypeface">_settypeface</name>
      <returntype>com.aghajari.ratedialog.amir_ratedialog</returntype>
      <parameter>
        <name>ViewType</name>
        <type>int</type>
      </parameter>
      <parameter>
        <name>ViewTypeface</name>
        <type>anywheresoftware.b4a.keywords.constants.TypefaceWrapper</type>
      </parameter>
    </method>
    <method>
      <name DesignerName="Show">_show</name>
      <returntype>String</returntype>
    </method>
    <property>
      <name DesignerName="About">_about</name>
      <comment> Amir Hossein Aghajari
</comment>
      <returntype>String</returntype>
    </property>
    <property>
      <name DesignerName="IsRunning">_isrunning</name>
      <returntype>boolean</returntype>
    </property>
    <property>
      <name DesignerName="IsShowing">_isshowing</name>
      <returntype>boolean</returntype>
    </property>
    <field>
      <name DesignerName="IsDebugMode">_isdebugmode</name>
      <returntype>boolean</returntype>
    </field>
    <field>
      <name DesignerName="TYPE_TITLE">_type_title</name>
      <returntype>int</returntype>
    </field>
    <field>
      <name DesignerName="TYPE_BUTTON">_type_button</name>
      <returntype>int</returntype>
    </field>
    <field>
      <name DesignerName="TYPE_NUMBERS">_type_numbers</name>
      <returntype>int</returntype>
    </field>
  </class>
  <version>1</version>
  <author>AmirHosseinAghajari</author>
</root>